id,Target
1,10.396400609342164
2,14.901928082589606
3,5.57105986547581
4,11.540376031792837
5,10.11064352339928
6,11.541078932051684
7,10.119727715706249
8,7.826998568214543
9,10.404406447486156
10,10.118021454315953
11,11.063788479821614
12,7.328237820312625
13,10.896058045783988
14,8.162927163778333
15,13.218496786431928
16,12.718818136041817
17,14.07177195280163
18,5.976674905431193
19,10.4197530647738
20,10.551497572769025
21,7.826287578375158
22,9.445121754014307
23,10.133687681609356
24,8.592706787495311
25,14.5451905426748
26,6.377926595987531
27,11.104323234655137
28,14.796502784721735
29,11.179025654562471
30,11.22807037574824
31,7.35939644889149
32,9.942501459171698
33,6.0047988760553075
34,11.635164422478656
35,10.934816893279772
36,6.964972645965798
37,9.742885273414139
38,8.96413628755061
39,11.393943106898323
40,9.153907468722137
41,9.326749644727013
42,7.980632040815724
43,8.701910267919606
44,8.135981003794434
45,5.7510375988233156
46,9.733369498203906
47,7.793279620159673
48,9.94782838371499
49,9.89233789999945
50,7.7068709794261805
51,10.090446149155536
52,9.703231411488767
53,11.955070074222213
54,10.352534578651793
55,8.541301591228166
56,9.608757638892175
57,11.026363997763017
58,9.980507955570639
59,10.576561368088157
60,6.24711478256789
61,11.5733808491742
62,13.564689180887065
63,6.24183740991513
64,15.145790362435333
65,12.990645724892115
66,9.700476483671263
67,9.028539530091829
68,8.430605261935614
69,12.101823188740592
70,7.7618769344237455
71,9.325315722809142
72,10.251212838633654
73,7.022654345068524
74,7.759063676164911
75,10.18345433821493
76,6.638690688144783
77,13.629166318832558
78,9.046661811281611
79,9.799736532014732
80,8.875015484829031
81,11.230153417488314
82,10.560934433057374
83,10.11545639639666
84,6.318190518809932
85,9.697192306767656
86,6.246165409400913
87,10.192510238508664
88,7.0383126599218
89,8.942997044987338
90,11.31754147343462
91,12.264679323896749
92,9.464757968400402
93,10.13079358226659
94,12.758762860082648
95,10.185228759087076
96,10.224149494164806
97,10.240475653520688
98,11.4585093297544
99,9.302882324031328
100,10.888781771015228
101,11.737474842072032
102,10.031545462001763
103,11.452488936311402
104,9.342791757489099
105,11.816413934266055
106,7.184996265194911
107,10.992252290516248
108,7.709852093129385
109,8.244570590481093
110,8.993586805558772
111,10.327424011054376
112,11.792143130532448
113,14.992134014599818
114,8.92320973776269
115,7.788094721485583
116,10.924545353207469
117,9.427181852836998
118,8.761099715591119
119,8.339550212044411
120,11.379979886039612
121,8.372605084396511
122,11.819996905066656
123,11.529961379331658
124,6.718785468465702
125,6.691583177877196
126,11.142997721303354
127,11.055861721387016
128,13.373514157762346
129,12.400571163485335
130,12.025044436273637
131,6.487177184970632
132,8.142444445938056
133,5.489126536659076
134,8.678648650365869
135,11.082049534264115
136,14.496180973552883
137,9.066986779820988
138,8.55300236696039
139,6.838228236501603
140,9.606850632093975
141,10.058786083154226
142,6.5575473761457275
143,10.441467051338103
144,10.12135279150106
145,9.251116305687683
146,10.437567399969717
147,11.717426865369836
148,10.821580139970294
149,3.9252264137854054
150,9.856960212704406
151,10.894791373862406
152,6.044113459407917
153,7.234580087547599
154,11.778459218886567
155,11.02608872157215
156,6.634004081641935
157,10.764872532665033
158,10.646307530526819
159,8.461943676149208
160,9.934564856580568
161,13.248851220598747
162,6.019322377786087
163,10.482696252606555
164,12.144035857965969
165,10.25506830449675
166,6.04933137434065
167,6.390190614455195
168,13.719408129687015
169,9.094993735064062
170,13.40843728860263
171,5.755986571106018
172,9.053312624039656
173,12.048770089065883
174,12.037191623315103
175,6.5669715548915315
176,10.630611484367272
177,6.941489870568626
178,10.464595683767715
179,13.351649215065382
180,11.179749548228942
181,9.336762312380763
182,9.583875902920107
183,10.491432306352948
184,10.059464290329085
185,9.40461260551777
186,9.648637173095302
187,7.1344975101511485
188,10.610420102762147
189,9.942742505593712
190,12.305785386131788
191,9.529208173708058
192,11.676859793742414
193,7.9560918205146836
194,6.669279936421164
195,11.128037585870572
196,7.232412013556152
197,9.903857659686203
198,7.783821070864685
199,10.91383966911365
200,7.821810286358909
201,8.767925071029106
202,10.996626260416752
203,10.533332172692576
204,6.708629624111978
205,8.519849960003715
206,7.930272590373192
207,9.801597111667872
208,9.113159003630757
209,16.631349951412027
210,8.321918290369469
211,9.884394400587354
212,6.955637722836967
213,11.533339748491342
214,10.476871574746603
215,8.667809002360473
216,9.281834341522682
217,9.613893314639585
218,12.386688754173942
219,6.187405607549557
220,8.651266000642417
221,5.839327771019514
222,13.103677655641135
223,14.163327223501591
224,6.9662315661312455
225,10.999247378236149
226,6.015387239653911
227,10.480493316967591
228,7.977965630111345
229,8.665156834211006
230,9.533527306604814
231,10.818868003330486
232,7.068082251017911
233,7.432607254862542
234,10.668296448468343
235,11.373829407465408
236,5.173593735607522
237,8.93191148776079
238,9.678409087332913
239,9.09521962894302
240,12.696789360350982
241,9.16677324650485
242,12.547152481158951
243,8.031318377739153
244,4.832442976657056
245,12.134390069731628
246,12.847270557431878
247,13.032444892861099
248,9.127785331787694
249,7.7777506568669805
250,10.72840280588993
251,9.427088664959824
252,7.562019374237796
253,7.955581635153404
254,13.20777578402988
255,10.558152404284693
256,6.626161156317753
257,8.5554112329119
258,10.577777518648796
259,6.468181496421783
260,7.682886217847415
261,11.418114625428686
262,12.039821645508498
263,14.854199364637967
264,10.764360293502754
265,3.3482821848054387
266,9.840941864634287
267,11.10629600035917
268,7.965594528459614
269,6.9866816955671425
270,12.432382546552413
271,12.124334576032345
272,7.901794104963379
273,12.209276882838243
274,13.753989359343446
275,8.722149106886846
276,14.274673812056468
277,12.562862689712222
278,15.753346481794189
279,10.064983276045668
280,11.392607982798898
281,5.2433824148121175
282,10.338841651118104
283,5.589933475230456
284,9.042548215157312
285,10.38382044420898
286,8.761361818782582
287,10.980682663493898
288,10.576159033702204
289,9.204037293265028
290,6.06838755800369
291,9.572264177841566
292,6.829845839171844
293,9.73166108759323
294,9.109632698558345
295,12.663236598964541
296,6.495872801448637
297,9.520843969313963
298,9.804149153426403
299,9.418307797285292
300,8.26917228941201
301,7.449776766777823
302,7.524830963572157
303,10.130344995471486
304,11.523559036240929
305,9.705658270464317
306,12.349423200726445
307,9.306009973674016
308,8.108496569182591
309,6.425778928861462
310,9.642088784552445
311,13.071114272445254
312,12.610269604207375
313,9.363112865176948
314,9.069638764501963
315,12.978908712849323
316,9.847280827329351
317,9.936079779066949
318,8.229402070924735
319,8.30325141285322
320,7.5801142127608685
321,11.713861666696053
322,5.8908858120074115
323,9.996525698498159
324,5.703994302752558
325,8.30320564086498
326,11.63773000729394
327,9.495318294525717
328,12.440876051420135
329,8.968103987550318
330,10.542776666813625
331,10.987279107028224
332,11.024560897884323
333,8.973874910381301
334,7.612991995601603
335,11.13720513907683
336,9.225139470686436
337,8.284377218321863
338,10.256686417587883
339,9.102778789519315
340,14.829998177364924
341,10.321521197501369
342,9.396953228245136
343,13.908371404936638
344,8.63292409060492
345,5.880013626464278
346,12.727534415468536
347,12.182223834265479
348,11.293288038426532
349,11.687657650403322
350,11.92783199013901
351,7.587199184034691
352,10.659028601138449
353,11.90702190103774
354,11.752143521568495
355,9.290499306903907
356,6.772722777886612
357,7.765160201077915
358,9.152111750677976
359,12.194024555946923
360,14.985319897429058
361,12.528672026063038
362,9.772483167162623
363,8.895598766978608
364,7.450565468603868
365,10.759003736311525
366,16.448354938723387
367,7.167707343317524
368,9.474771971686279
369,8.827365895185434
370,11.385670546094083
371,9.18943852304005
372,8.87187516234579
373,9.551198770291887
374,10.487119050787843
375,8.214251859306257
376,8.679030714666471
377,8.57534715907138
378,5.738312920387013
379,9.210308201567138
380,10.885796518297926
381,10.315405366081897
382,9.127903280757286
383,11.26706084099726
384,10.404407697640744
385,7.7234349147649795
386,10.935656451119659
387,12.912937189419086
388,9.712158562632206
389,12.69652277833165
390,10.29127263654187
391,9.224050281941135
392,11.305470043130148
393,9.945018934845486
394,9.328607306557672
395,10.704306748813304
396,7.553568806161163
397,8.432803573437758
398,12.573232582247606
399,7.0990492254109245
400,14.710232179405013
401,15.89922244526443
402,8.419540863835701
403,7.410581687528204
404,7.830838300597813
405,12.059904149729103
406,9.2236726875976
407,9.839550826482721
408,9.717947671914928
409,11.113583011679419
410,10.462215392201074
411,8.158134700629558
412,8.16037697645189
413,9.469181959528758
414,8.231951188975643
415,9.317829353125992
416,10.83736848212293
417,9.542426850466308
418,3.9626153966279363
419,12.22576122323635
420,8.979404635011683
421,10.960752013635494
422,8.687322056042326
423,7.542463010038356
424,8.750607051932665
425,9.611442119509991
426,12.927650527513999
427,11.048755521085894
428,10.17893459774219
429,11.269546567892974
430,10.243961114870514
431,10.25523156478326
432,7.645349908950013
433,8.537533832282561
434,14.619057194291038
435,13.445458216681269
436,11.638042070053313
437,9.4628991205574
438,9.122961703360042
439,12.628926374201605
440,10.045398426212952
441,9.47462643885531
442,8.621192618599135
443,9.89047920578151
444,11.8736928957298
445,11.168072619551367
446,4.260643808561664
447,9.78384906489142
448,9.933089346225012
449,10.181517799930665
450,16.151285505756242
451,9.677653377271078
452,10.372045039162602
453,10.160839794921227
454,9.673368072242058
455,10.868948049528344
456,6.41480721614527
457,10.704543067781575
458,8.2318584146702
459,11.830966713422688
460,9.578070577192078
461,11.830540914904974
462,8.57418592531097
463,9.040711749651953
464,6.253447042415756
465,9.325543403610563
466,9.437361861634898
467,9.526102525364024
468,7.08292986215957
469,10.207933745763325
470,6.028121548324647
471,11.399598453538344
472,10.673614201492104
473,9.26475412743795
474,10.751747637794626
475,12.19292539935841
476,7.992913802952996
477,7.404965300160873
478,11.067517115794576
479,11.175254739855662
480,8.829121497315063
481,12.727070998319586
482,11.54469878442624
483,10.32532800499682
484,9.772095027289174
485,12.133621861223057
486,10.990725136918696
487,10.663829039076905
488,10.670419329613061
489,13.05251192345996
490,10.922060244367907
491,13.880206332521043
492,8.312965575655127
493,7.92979736103435
494,12.215271786579553
495,8.634445637454776
496,11.658699558212462
497,9.673834909925425
498,8.36617417372155
499,9.259923453003744
500,8.828627607518845
501,6.460563328626909
502,9.420874161330095
503,14.103226459045691
504,10.418241332099257
505,11.158429521862287
506,9.473832399235205
507,8.225297958204655
508,9.770876978067506
509,9.229463631539293
510,7.282305562484964
511,9.526823533789152
512,9.545777565649306
513,9.201679195086271
514,10.305045475856314
515,10.756385694267891
516,10.142481650246706
517,8.956493539824056
518,11.337768449936137
519,7.528906552093153
520,7.273761597490603
521,10.042104097505332
522,11.87616356157979
523,7.031490015958376
524,7.91030815401808
525,11.070460754891508
526,10.077245705136873
527,13.14978592426035
528,11.559239640521838
529,7.57753547813629
530,10.594211971314458
531,11.074215006903477
532,10.607552383288006
533,10.234721944946726
534,10.49294948610611
535,10.055291194537208
536,7.8069258063282545
537,10.477176837066818
538,6.8299569877085995
539,12.668459472615826
540,10.812954711798088
541,12.187296754147507
542,3.9666229905227777
543,9.070761334478622
544,10.867403209777155
545,11.398050940032782
546,10.71410341658214
547,13.436239756921086
548,8.092314653389266
549,11.427735548718033
550,9.283869343425781
551,11.139579485817642
552,11.166641275185373
553,9.27769264648345
554,6.1720071640961915
555,10.056374893838237
556,7.443931990479174
557,9.123740931194137
558,8.352404044624897
559,14.984800407509482
560,10.173235274918978
561,16.51503072600812
562,9.94633956693886
563,9.092125883317353
564,10.285663063211725
565,15.49766472181579
566,-73.92389027145012
567,7.908868229018887
568,11.409014357423999
569,11.894182783268354
570,7.189706761508729
571,8.740876946204756
572,14.664436683743773
573,8.001336240569282
574,11.25789991582585
575,8.357342466192309
576,10.580678237441274
577,8.296927450755053
578,6.242756688736717
579,8.804555339758167
580,11.195464312490532
581,9.146639382096746
582,10.419141037353105
583,6.617974938485451
584,11.080305644066737
585,12.219436953061185
586,7.915247116878219
587,7.936408200538397
588,10.136656799673524
589,12.163581133852308
590,10.532365307557724
591,8.308391037110047
592,8.046233147355817
593,3.718849166626363
594,8.360473574729024
595,9.792641888270849
596,9.102285899369548
597,9.489433976124445
598,6.615965406656324
599,9.615324120185894
600,8.01071547870876
601,16.108311079551438
602,8.116283280921925
603,9.46856518039182
604,11.04770302450548
605,9.95257422691926
606,8.078271903037656
607,10.156587831773116
608,8.653073551762851
609,10.319081506409841
610,6.317013718409658
611,8.750070923885367
612,10.458805675578326
613,8.851590171570843
614,7.589915280211683
615,8.94048207105561
616,6.414250427691802
617,12.000313691006799
618,7.233676166127964
619,11.166548844115049
620,11.56177998704597
621,10.25360042543769
622,9.155252808053081
623,8.195625371630028
624,9.309268546537279
625,10.38088064235997
626,8.20789398209849
627,16.27943566094537
628,11.026442248707745
629,10.696343899689692
630,15.702610777660627
631,12.449903456242048
632,9.902873852861271
633,11.238294170209791
634,10.943361424350455
635,9.084281753676722
636,10.86221056734068
637,7.456532012998034
638,10.554008898015612
639,9.35780534268346
640,4.933165643641091
641,12.1973740300189
642,13.464314715539256
643,13.412719958297945
644,12.6714170326112
645,8.146418552136243
646,10.630631463665216
647,7.083480399532338
648,8.545936243160458
649,14.45614366646934
650,10.957933658598952
651,11.157516138447605
652,10.01510278804155
653,9.705399365069386
654,10.035584195028385
655,10.410791484143852
656,6.327824197414202
657,5.514744619650461
658,13.665909207669879
659,6.892913837549913
660,10.700463141140018
661,7.577062306703842
662,10.23445317530081
663,9.238739990266371
664,13.035399831293091
665,11.483859710374144
666,14.28763896690341
667,10.395218805442632
668,9.548669949073533
669,13.026322426387422
670,7.655387074207675
671,10.136657821200679
672,11.460633781448278
673,5.782976927854186
674,15.10010290893184
675,13.465838748814617
676,12.109564024940571
677,15.104256487631762
678,13.362333045830072
679,12.11690210142015
680,12.010261613069417
681,7.751497911263307
682,9.528290638890478
683,9.840821355697706
684,15.336317150587107
685,8.047091289930453
686,13.20436584807953
687,7.404478855771741
688,10.855000895922599
689,4.0234829530307366
690,10.56797337598901
691,3.7033716996547383
692,8.580900851636049
693,11.200602253876294
694,10.555010953808114
695,9.882947909475305
696,11.545428669076564
697,10.070777868150449
698,10.1385892693004
699,9.644965054962798
700,9.758289824117194
701,8.010357554830025
702,7.521295225043803
703,7.157072594239036
704,10.228335956347188
705,8.44990895419576
706,12.317529151550364
707,10.606647973187403
708,9.165375512483228
709,12.161509330459323
710,7.0455673445864635
711,9.763836596910405
712,6.935756509790137
713,10.941644157316595
714,11.177714241643008
715,9.787548916410113
716,8.625517179563426
717,6.495422056905059
718,5.325004389078888
719,13.083430722946236
720,9.146170300102263
721,10.795899846596173
722,6.583616592173074
723,4.741352608933164
724,11.855639487171887
725,8.22172566546511
726,11.76313475308985
727,11.377316226750267
728,7.322832744369084
729,10.493689921299127
730,8.671915085213792
731,9.13646122477347
732,10.004969221030752
733,9.36655941525943
734,9.443403400775946
735,6.613422927035733
736,7.596328727753287
737,12.707755587536539
738,6.631799511312806
739,10.223672631352331
740,8.051659895383066
741,10.245125177465383
742,11.245409731346548
743,13.737136892386648
744,13.757758501263886
745,10.854635497332701
746,12.093952611428888
747,11.513210624890913
748,6.323249050713221
749,12.392577844332882
750,10.538139494383879
751,5.046719565754049
752,14.371355967128569
753,11.72765318692127
754,9.62250368898238
755,10.536114141532948
756,12.384558504790665
757,17.47842791700884
758,12.335678257040371
759,8.401951326653299
760,10.555670809822102
761,10.932608235545546
762,7.485455376579293
763,10.891739637564877
764,11.63302604576298
765,9.458646632923182
766,7.115141865290051
767,6.3790676637158334
768,13.964240994707081
769,10.738720343969392
770,11.953105671253889
771,13.537829754328405
772,9.984003290055988
773,12.843983170541275
774,9.722854436850678
775,7.19812088498787
776,9.856762493818012
777,8.375075445783077
778,10.97445128779965
779,11.198480288966788
780,8.369351768338134
781,9.427855741775007
782,12.110524249871094
783,9.449847239726136
784,9.088345115169515
785,9.321264889594287
786,9.148762600802078
787,10.71710128653416
788,7.610292803271501
789,3.2601746956989075
790,10.698631319493296
791,10.463831997923947
792,5.292604645330616
793,9.291209293714948
794,9.301296468854062
795,6.950685002305612
796,7.4001358546414355
797,12.110104635979194
798,8.330092024447593
799,7.770445141724845
800,8.726332249188314
801,13.030593769081554
802,6.455539340710623
803,10.862552623593068
804,11.015534352455656
805,9.915059184242079
806,8.549678931507906
807,10.005194959719871
808,7.211196938012209
809,11.409667995353463
810,10.008482172994508
811,11.03148384888775
812,8.192195972377524
813,13.43831935926215
814,12.81173133326589
815,7.918032667517593
816,9.250597849131248
817,9.002020707384649
818,8.451704032001016
819,45.74218034524437
820,10.487812956150828
821,7.775975929984813
822,14.981137423673502
823,10.798828129193025
824,9.10134036818125
825,11.358029920236019
826,9.443924225481593
827,4.310031277847908
828,8.609135492878
829,7.198852304207384
830,15.952164765494148
831,10.130165644671848
832,5.846896529193264
833,1.7314884217642952
834,11.738998553750594
835,5.032824256778287
836,11.085940612181934
837,11.733889657324434
838,16.45366510505552
839,8.945982556030987
840,7.522540822078543
841,8.999693467963102
842,10.616636398732235
843,7.439273940945885
844,6.689009319775184
845,12.24414221952564
846,8.005267881906878
847,9.793100761026823
848,12.04405537074858
849,7.689423958959411
850,11.57874070182647
851,9.023494800877284
852,7.386835476754644
853,18.11103102409195
854,11.481677757801988
855,8.158773641361076
856,7.81516292456988
857,5.255470478450617
858,10.28153675589627
859,9.567395902107778
860,10.676783785312564
861,8.646823578500365
862,10.378836690496389
863,6.063954939186621
864,6.738519118731739
865,5.3517674829799065
866,8.476953932373034
867,9.077106276685079
868,8.967443728250682
869,6.912969964751792
870,6.175332729731305
871,10.576589121118817
872,11.493579071443582
873,9.747275884867536
874,9.851289998467376
875,10.07766004013119
876,8.620208799862239
877,11.7756031113515
878,9.574941493288005
879,9.973345120937301
880,10.468900563968008
881,6.231237267792711
882,9.627721904221914
883,6.82195986508105
884,10.47090262844152
885,13.378308066333375
886,8.555451635151302
887,9.270893199898381
888,9.200657427404723
889,6.600015057652754
890,9.129086384209288
891,8.357985592438293
892,7.69252937347432
893,12.12379970749788
894,11.804955731627777
895,10.935231247197246
896,6.744755151828098
897,9.195044700490145
898,6.715968295857376
899,10.24487915995637
900,7.768966432571675
901,10.036861254174447
902,8.113559657821021
903,10.921403452234006
904,9.654866234823658
905,7.984416416180775
906,9.92257295730908
907,10.044156195575232
908,10.004010949218314
909,10.04490604383119
910,11.204963149129302
911,8.874826411522543
912,13.500568442172705
913,9.958063190142852
914,8.558750460845756
915,8.362581002014894
916,7.232761212595195
917,6.064877369987979
918,8.103265631552341
919,13.23007625572729
920,10.872363168470542
921,6.9429981426756475
922,13.898414726028824
923,10.00622804920174
924,7.451734748406905
925,8.782770186790767
926,8.97988137465561
927,6.17097446629299
928,11.210179215386015
929,9.287099436457416
930,9.285102325861034
931,6.473362969978029
932,14.194043987636192
933,11.17854017261425
934,10.712055147319862
935,10.697061350694511
936,7.479881228796817
937,10.902488045374723
938,10.022233544164388
939,8.575209233728467
940,9.818586354814235
941,10.104673725648325
942,12.257845463398109
943,9.219772908896445
944,10.128374381711629
945,13.069702679524152
946,7.645330105612919
947,8.815291065221416
948,8.941194469885806
949,9.03669693622516
950,9.576640498270818
951,14.28504576427142
952,11.586465630422005
953,11.993335451989806
954,12.002357259894449
955,8.448373361119259
956,8.77959493198384
957,10.868803963442772
958,6.096204561182142
959,7.894889743932281
960,11.871610999877683
961,11.120270912272677
962,8.716497063890861
963,5.818078420707181
964,8.93677537888829
965,10.59359754701029
966,7.716112470468743
967,8.99319964376676
968,7.830999980002574
969,6.524696749560015
970,14.602770327361211
971,5.576299594570802
972,10.243760686893571
973,12.913013438618933
974,13.247332864393902
975,12.000596242474703
976,8.16978258540771
977,10.699940336921756
978,11.2882535546178
979,11.480292972287733
980,9.530266940131709
981,11.092997176652993
982,11.115552056010436
983,11.457632955775065
984,8.016249644324919
985,5.939676891580117
986,13.220306755094697
987,6.690975743896429
988,15.17332334705333
989,9.951179678005754
990,7.632435982901461
991,9.541775680394663
992,9.72798128266366
993,12.73155981347036
994,9.162067998391462
995,9.926600222438198
996,12.357638668989601
997,9.526573831220027
998,8.964850251119266
999,10.59752578814199
1000,6.356757932898478
1001,13.873778154257257
1002,9.881793587284978
1003,12.854550687537323
1004,7.9251054905767715
1005,12.088349657151884
1006,13.260067229267223
1007,3.4956343033645805
1008,11.296621373581306
1009,11.719599693856598
1010,11.54454526419978
1011,18.476703890695813
1012,12.524440972163447
1013,10.441639554912669
1014,9.46163285196315
1015,4.417618877828195
1016,10.750424625997592
1017,11.04558508247982
1018,7.506991993540629
1019,11.837967043911732
1020,10.040501823436507
1021,9.541713286815005
1022,8.58271267331687
1023,11.693773614852805
1024,9.227889727263642
1025,10.199996039738465
1026,9.977980470616403
1027,8.597610564519595
1028,11.303096152637693
1029,12.303648788674035
1030,12.890161187551229
1031,11.213209986062362
1032,11.311460478664218
1033,10.551563639581119
1034,12.073858812244161
1035,8.815600693950387
1036,8.965798756323014
1037,11.349527655748675
1038,11.645081902946462
1039,8.284963924636399
1040,11.585694891550146
1041,10.475038690800943
1042,8.68197476234815
1043,4.967283478765653
1044,10.551098127359081
1045,8.887842301942458
1046,12.41204914090429
1047,4.677060175598727
1048,9.522554664326604
1049,10.052238594559126
1050,9.887621383792117
1051,8.06399905400066
1052,11.050375083604884
1053,11.316611844373071
1054,10.714341583859179
1055,10.738668677665496
1056,9.005414680375244
1057,8.607652643984748
1058,13.049124927643494
1059,9.422876874082574
1060,6.596416683852454
1061,10.8995004654216
1062,8.843939586108565
1063,6.561491922145723
1064,9.643443345288928
1065,7.229064070805374
1066,8.884734953449776
1067,9.298857065238973
1068,11.661152546409578
1069,11.975646780280826
1070,10.625093762741656
1071,10.41610001114755
1072,9.64206570042847
1073,13.70387092082287
1074,8.362310219444664
1075,8.963922306576064
1076,11.946989544589245
1077,9.248033253813318
1078,11.951426202825036
1079,11.058998537760337
1080,11.381362531113567
1081,12.835304475057978
1082,10.298165440934515
1083,11.390581891582778
1084,9.884289541948128
1085,10.912553275942237
1086,8.84129242697097
1087,7.921202862344797
1088,9.644858035398693
1089,12.705373350815401
1090,11.512475655045925
1091,9.288240191021846
1092,9.294638086182909
1093,8.74031818319515
1094,7.468570212753441
1095,11.957397452854444
1096,7.797667766744334
1097,5.123999294368004
1098,8.736419307390577
1099,11.831652233924611
1100,10.787179085849763
1101,10.473101328258497
1102,8.6656447115742
1103,10.587807212276278
1104,7.3746442980796925
1105,4.6190691832807484
1106,9.615760807940646
1107,10.301566595308381
1108,8.548431531240922
1109,8.268714151200623
1110,6.780803997788816
1111,7.552568665239793
1112,9.394437451838023
1113,10.389772923493961
1114,10.439489082009327
1115,10.141368084680932
1116,6.824618165001979
1117,15.09108666099456
1118,10.888382494975785
1119,9.72688292625081
1120,3.298254263348346
1121,9.31056042865831
1122,12.031696117701392
1123,10.578964355083443
1124,5.542073858295428
1125,9.26358013138933
1126,10.978643735131978
1127,9.939452085436766
1128,11.346744416470068
1129,10.243745358048487
1130,11.529648059723229
1131,12.410231053962896
1132,12.039172515411027
1133,7.23468693336993
1134,10.463860209639453
1135,10.792870371938514
1136,8.325325886602704
1137,9.055417541831
1138,7.333776832772569
1139,14.227339182657715
1140,4.979325063108878
1141,7.446934521112803
1142,9.587428322869515
1143,11.369216594585948
1144,10.33522976613485
1145,9.227141903809354
1146,9.807291183395503
1147,10.745337319392425
1148,9.451714798482575
1149,9.9789803924499
1150,7.55510113517337
1151,8.89383043021658
1152,12.36812679972357
1153,10.953896990633044
1154,10.289804005113826
1155,11.273492802767265
1156,7.427374948482637
1157,9.465592701394726
1158,10.566395613189853
1159,11.324655108271855
1160,11.745697580288256
1161,9.879697368938501
1162,4.921941386374614
1163,11.799842116466428
1164,9.168951812001751
1165,10.161746622237008
1166,9.696711328980465
1167,8.877053654030918
1168,8.3217737052664
1169,11.787798380599124
1170,9.001282640409222
1171,10.775665648181068
1172,9.238404318755249
1173,12.004487637469468
1174,13.380558876897615
1175,11.097039456339196
1176,10.522701841713388
1177,12.294592396080471
1178,12.04956990011321
1179,11.865523668605325
1180,11.419607971519362
1181,8.8449451164747
1182,7.908943403252046
1183,9.17794573681072
1184,11.880575601155412
1185,7.794094801563966
1186,10.63632071731028
1187,9.054123388125733
1188,9.594689399296582
1189,9.450397781798838
1190,5.503068871067742
1191,8.487181019172853
1192,11.129029273886568
1193,9.780905403205894
1194,11.730367105459003
1195,10.596021317337085
1196,10.023730000321388
1197,9.1888613312148
1198,7.415159718155889
1199,12.821790189833287
1200,9.734397730828585
1201,9.688119429942512
1202,5.2471655353360145
1203,8.927236203767135
1204,10.074180275317872
1205,13.487195759534067
1206,10.033253491093912
1207,8.96672937254475
1208,12.903821848528976
1209,6.381895770419183
1210,9.762594947298389
1211,9.750160071596834
1212,9.284798579012508
1213,8.569881718773091
1214,9.234204795611104
1215,8.802500967836725
1216,10.254112449022443
1217,6.718027155880867
1218,12.363763242224241
1219,13.325221225091646
1220,13.036367964634154
1221,10.130515784730115
1222,11.10166962966636
1223,8.58910663656642
1224,9.637664094440813
1225,7.012443415775162
1226,7.040000618448213
1227,18.1634564887237
1228,7.82234410366099
1229,10.7233365573
1230,11.185920153045354
1231,9.386924425021347
1232,9.397278582647091
1233,9.589932876061702
1234,10.618322953148082
1235,11.439972498532052
1236,10.981133178200936
1237,13.109286672837236
1238,9.20838314857606
1239,12.514148191208363
1240,10.690745631548209
1241,11.56362047609175
1242,14.954679437393676
1243,9.491700327532065
1244,9.9715705822891
1245,11.146168277966327
1246,12.085909851189768
1247,8.25941719335111
1248,9.796987549749586
1249,12.010658093542823
1250,12.59568331563627
1251,7.875211720500861
1252,6.593762256354699
1253,6.729211936376281
1254,10.992476360955495
1255,14.273503240494048
1256,7.470509806207372
1257,6.31510383724169
1258,7.0726801883912565
1259,9.49731582925717
1260,10.713571326325898
1261,11.055947278205242
1262,12.390412780523171
1263,9.31811847482304
1264,9.330900291650416
1265,14.25695028386035
1266,7.859439884904819
1267,10.89206714003955
1268,12.045679009401635
1269,7.5350057422891314
1270,7.765243468511471
1271,11.726347305134256
1272,14.086815571679331
1273,8.519262710712267
1274,14.129323582993607
1275,7.528600758064973
1276,7.43945853914879
1277,7.836983774053111
1278,12.084696352661751
1279,7.367315898991908
1280,7.247082500281721
1281,13.509254869802525
1282,12.071070850742013
1283,14.392054097189785
1284,14.242431021356794
1285,11.995388584791687
1286,10.608726930918653
1287,9.507766039716932
1288,7.479761111642259
1289,7.398350430464578
1290,8.90975413733431
1291,12.618827504399352
1292,10.122667856971782
1293,8.234320647436302
1294,10.7289606971991
1295,8.80358953863059
1296,9.407834487888243
1297,12.117745142812423
1298,6.585861453718122
1299,7.907401732451833
1300,10.825980164906078
1301,9.112966946323944
1302,7.235284003951052
1303,10.535813094226986
1304,9.523037840553714
1305,9.875997960274553
1306,11.411435051636957
1307,7.884066050012844
1308,4.790699977894929
1309,8.70643994700165
1310,9.441931371334118
1311,10.281447386114365
1312,6.894019684475337
1313,10.615970890407166
1314,6.402857086476398
1315,11.319827716458043
1316,10.786673205404572
1317,4.568354411349865
1318,8.174252346968892
1319,13.13749908693157
1320,10.687821979071654
1321,10.89407510186351
1322,10.673668697915549
1323,8.310744099327003
1324,7.8214894049421755
1325,9.584591013788188
1326,11.870209966212139
1327,8.773675039781388
1328,11.226941586862605
1329,5.988537503834644
1330,12.223795724476176
1331,14.417757224907275
1332,8.198453046798535
1333,9.968001744139048
1334,10.116587079186
1335,6.36351588029965
1336,10.612143349712634
1337,9.626612000720277
1338,13.229727137969244
1339,10.284761241069257
1340,13.506398876655744
1341,12.264015052913757
1342,11.578791459905792
1343,7.480690459992574
1344,7.979360597653628
1345,10.150488823763938
1346,10.283653510671932
1347,11.388884160724894
1348,5.202550916576781
1349,13.119064139189502
1350,8.597849780692593
1351,6.2016752266236645
1352,8.897097030772194
1353,8.350960235313961
1354,7.055463080384927
1355,10.128544348802674
1356,9.5037434444741
1357,10.298787191514998
1358,8.465607332025293
1359,6.78980709302845
1360,6.369517998887568
1361,10.070898192892939
1362,11.928705765826333
1363,10.936097617959941
1364,8.527181162497063
1365,9.51725043483291
1366,14.531949822082236
1367,6.9209282853879905
1368,7.941267809817209
1369,12.79434774467335
1370,8.806021434499794
1371,7.537421588556485
1372,11.226270217399712
1373,11.269984865657701
1374,9.679853885357153
1375,7.6806952566229905
1376,9.766860208995476
1377,14.600929700044142
1378,7.009781905162939
1379,10.32769190708866
1380,10.565995536977356
1381,6.695430092595672
1382,12.748862489222521
1383,10.668876411478843
1384,14.828746030052123
1385,9.791465648669204
1386,7.395116398808398
1387,14.256899406138904
1388,6.823207219485356
1389,11.251826006670337
1390,13.288589534130498
1391,18.913257926820624
1392,6.388501360886903
1393,10.809380770886648
1394,10.797749372187504
1395,9.493168510771392
1396,10.254971732032429
1397,9.538471179462666
1398,9.93060691800378
1399,7.877353870360087
1400,7.593287325491769
1401,6.640629804334289
1402,12.514437802162938
1403,9.554404246959505
1404,11.320530521614346
1405,10.915396986929723
1406,7.81509591969786
1407,12.35476074518629
1408,8.651975027805594
1409,7.156949153678756
1410,13.308686456453373
1411,12.54008587510766
1412,11.565161498778217
1413,10.314489824104946
1414,11.367388929131618
1415,7.592494604666564
1416,12.305906873848954
1417,6.028135781668825
1418,11.244828844945392
1419,9.528255900719909
1420,9.771023331101262
1421,11.936345916212918
1422,10.507285315973142
1423,9.444128794648972
1424,6.399872187496133
1425,7.456974267726626
1426,9.62566558437395
1427,7.652865488207884
1428,9.796725650636981
1429,8.37587860738695
1430,15.31869995341063
1431,9.249864572140412
1432,5.277660815082726
1433,10.226822774314426
1434,7.68826324618435
1435,4.909772902682482
1436,8.990479110650684
1437,8.71464293276868
1438,13.960265900325467
1439,9.275048553300358
1440,11.869506377669195
1441,8.801732170590883
1442,14.314420381596937
1443,9.57542854962739
1444,7.826768088325538
1445,7.517682466576225
1446,9.321933439663729
1447,4.991038571953296
1448,7.787503283355285
1449,8.217522211375801
1450,4.981875508927656
1451,10.97934867967241
1452,11.355075868655813
1453,10.557054950125933
1454,7.32435067374127
1455,10.455557229197781
1456,16.54535916221686
1457,6.282472045860648
1458,9.200801559247584
1459,10.331092725529185
1460,8.592784887283608
1461,8.143191137294362
1462,11.978929268800957
1463,10.485028349858906
1464,10.907996721201735
1465,9.93094937448896
1466,11.054024089799432
1467,12.08220967010395
1468,7.077912722112185
1469,8.82425958046152
1470,10.37858350876523
1471,9.610565806253275
1472,8.775140151077206
1473,11.157106458116544
1474,7.198661576249298
1475,10.064756748816075
1476,9.70164403757423
1477,8.445358199481
1478,4.987067114328412
1479,10.260225047604983
1480,12.198084310255137
1481,10.462732341846767
1482,5.7927426184262645
1483,12.622556803516016
1484,9.179462984733325
1485,6.59412207404359
1486,8.244207200037916
1487,11.047786664914284
1488,10.684778973193447
1489,15.864399271545643
1490,10.938097000802454
1491,6.496508669279034
1492,10.44684565527625
1493,12.290123075429191
1494,10.679417214120843
1495,9.367210582792064
1496,9.749930576767989
1497,6.968323363392337
1498,12.9689288927655
1499,7.523879181734383
1500,12.901668568844983
1501,10.212892968543697
1502,11.356765852367774
1503,14.25466291702001
1504,6.090717192098935
1505,9.6942587950714
1506,8.409782448662964
1507,5.616844805929334
1508,16.096378305912012
1509,9.310116674443352
1510,8.95610767043856
1511,8.736217162825916
1512,12.002340028155054
1513,9.946073179689702
1514,8.654670005471813
1515,7.22156994121881
1516,7.570512464065686
1517,11.014240527721945
1518,11.66472860875562
1519,11.573040339872355
1520,11.451947444765167
1521,9.916534690518606
1522,8.483961711501713
1523,11.8779464533165
1524,11.928082667148278
1525,6.973838832952044
1526,9.476997672087945
1527,9.488205306208844
1528,10.606484825147332
1529,11.144828085223715
1530,10.315216049371745
1531,7.625186539323598
1532,9.324925081309171
1533,7.306756435391344
1534,10.100338382054659
1535,6.644130708716299
1536,9.130869377308947
1537,9.79172528601166
1538,10.820057956791826
1539,7.127915343478516
1540,12.963897136947736
1541,10.249776141580046
1542,7.489591073450807
1543,11.189546594571974
1544,5.9174759458078485
1545,11.090328588959588
1546,6.085643051470943
1547,7.859269808024796
1548,10.360859238922183
1549,10.887669308783002
1550,10.353392607056405
1551,7.681053062759096
1552,10.890315331889925
1553,9.474905901657515
1554,9.330226265529783
1555,5.669050620248852
1556,12.876898912491345
1557,11.003759463636806
1558,10.739015562971415
1559,9.96570554312511
1560,4.162882893344757
1561,10.339015435591422
1562,5.656112149325015
1563,9.054950446160595
1564,13.811416178170855
1565,14.856331472647218
1566,6.862649846049742
1567,7.97136631450895
1568,5.532040643493699
1569,11.284532487488791
1570,11.057960352826612
1571,8.354570256116732
1572,5.7871627730804835
1573,10.114498365750391
1574,8.990896640767438
1575,12.417398508996326
1576,11.637909663619808
1577,12.802707614553938
1578,10.352543867372326
1579,10.930513991604867
1580,4.07065094035139
1581,8.747697986745353
1582,10.692314583105876
1583,13.052813096659515
1584,3.542615169122751
1585,12.46440510271426
1586,7.979457357564135
1587,6.55369294467649
1588,10.81245213800866
1589,11.005183509270841
1590,13.68257167826918
1591,7.463311357135099
1592,9.997377463765194
1593,8.796591300520024
1594,12.523176614174652
1595,12.204364668271939
1596,8.442160752095095
1597,8.899862183659069
1598,7.331064971977054
1599,9.838278566129242
1600,8.452592706513823
1601,9.566655674196552
1602,7.521633037679778
1603,6.492991456205921
1604,14.84236006305628
1605,8.963786622046383
1606,8.761258527762287
1607,9.311406409685194
1608,9.804468343013443
1609,9.768781042257785
1610,10.232494243104266
1611,12.264795327462691
1612,14.755641948065033
1613,8.959242036435482
1614,9.204529561703927
1615,10.8380497932521
1616,7.8522123325052755
1617,6.539282469320652
1618,7.2030050045963065
1619,5.500891716748445
1620,8.786988359732872
1621,9.402627737668432
1622,5.4925659767057295
1623,10.359843438109761
1624,10.991770245744918
1625,11.76410917682344
1626,8.110894610813421
1627,8.789453220743576
1628,12.689493181552152
1629,8.561376954950584
1630,10.173828398282502
1631,11.719091890494408
1632,7.562683098015927
1633,10.91522101366662
1634,10.574752755527884
1635,10.58683214593023
1636,8.841431261205038
1637,10.755270330118423
1638,7.953545391594908
1639,8.040416488470486
1640,8.964381574952366
1641,7.342753392474003
1642,5.102893305793479
1643,11.02301158244191
1644,10.255613188633964
1645,7.995192608740847
1646,9.022877463622699
1647,13.901119952962224
1648,9.67737904063698
1649,7.996725152582276
1650,13.85186769923927
1651,7.438925139917996
1652,11.55897304081028
1653,12.665516803598347
1654,11.871404249013219
1655,10.789191025567083
1656,11.520823771638414
1657,8.007532305450798
1658,8.270377788438076
1659,10.177786595670193
1660,8.12767079110607
1661,7.620413386623204
1662,10.107409859163452
1663,7.629933795199977
1664,10.171374883506392
1665,6.333096118490328
1666,10.951872369730363
1667,9.425028139003759
1668,14.095658890707377
1669,10.259672443825114
1670,8.478822360308442
1671,10.893963398616298
1672,8.433330676558079
1673,8.928743352929477
1674,5.236057740865968
1675,11.50597336646588
1676,9.61833272018312
1677,15.208397577842169
1678,6.6867492637532715
1679,9.082636440567477
1680,11.288610439196962
1681,12.076796159634089
1682,11.306691867816557
1683,10.82013440676151
1684,9.813268368887506
1685,14.807798119396839
1686,11.054041963551985
1687,6.114042980063939
1688,10.727186298687107
1689,9.804926692965708
1690,6.972049278955385
1691,10.327412706052057
1692,8.68598392259746
1693,5.2480241712169935
1694,11.929309449310031
1695,9.486517044284174
1696,10.824889081280984
1697,9.451370813913595
1698,4.241989935328614
1699,6.613958541629474
1700,8.651321408505762
1701,6.66758217586375
1702,9.624709293571797
1703,14.125338496642057
1704,6.980975229947456
1705,8.613141442307658
1706,5.433175082967844
1707,13.964863227587298
1708,6.483477155196828
1709,6.663700859396599
1710,8.82057283014511
1711,12.042594603955246
1712,9.739812749062098
1713,10.755304785899778
1714,7.321460083804276
1715,8.014363239459277
1716,10.758223165933876
1717,10.20833096556021
1718,9.880038856742217
1719,8.432550485398018
1720,9.566025237405174
1721,6.028783746962204
1722,10.409767321821915
1723,4.67350606669779
1724,8.330848946500492
1725,13.31037611726761
1726,12.086151865787166
1727,8.286332141575688
1728,5.249131555433392
1729,10.060482775885042
1730,12.01423685925333
1731,10.307716275695778
1732,11.510789868604245
1733,4.682676762819385
1734,6.791015089457547
1735,12.296113545436613
1736,9.679659801172305
1737,11.519650989050612
1738,10.20836203552332
1739,8.367243255363586
1740,9.847843173949542
1741,10.429051691369642
1742,8.11816612570262
1743,9.240390353476082
1744,10.792654744179334
1745,9.44797857512942
1746,10.28237656536239
1747,8.90317981729091
1748,9.85022715468135
1749,12.337034693537804
1750,9.383942843570106
1751,13.571368468563286
1752,8.045963180766739
1753,9.519527928833504
1754,12.553096222348119
1755,10.306955644593245
1756,9.882483469642118
1757,7.782681923777085
1758,9.495247446755977
1759,9.842385955347726
1760,5.70767662405818
1761,11.28729946057847
1762,11.89372643344586
1763,8.284248213314942
1764,4.430466278680878
1765,5.672387307098464
1766,9.942598141870699
1767,11.239716794159891
1768,8.689743427872022
1769,10.42669368436733
1770,10.25049265078255
1771,6.212151821057188
1772,8.843417026673423
1773,10.779343464949015
1774,9.649805158676005
1775,7.740360716909631
1776,8.599996969507151
1777,13.453849718134611
1778,11.901691300189237
1779,15.844879247766919
1780,8.241047420778774
1781,8.532212115915883
1782,9.576553953350702
1783,7.998912599919043
1784,9.557024421330418
1785,9.041543506208722
1786,8.228132373002978
1787,9.279052550819749
1788,10.42533137947015
1789,10.028808569524609
1790,7.711024288307451
1791,9.984472963225386
1792,11.477019103534527
1793,6.776709567550772
1794,11.183346790686613
1795,8.68589485099446
1796,8.965439542008772
1797,10.198252377712615
1798,9.047654791104653
1799,9.639642787595653
1800,9.355055245913285
1801,11.730235072665629
1802,10.223748084255664
1803,10.009862112747262
1804,12.48525122757884
1805,9.893444784041229
1806,12.540926928620653
1807,11.991347008432744
1808,10.69707353219112
1809,9.062828182942077
1810,11.614938193588698
1811,4.858678864009628
1812,10.434323881063854
1813,10.927844819576132
1814,8.435067098202623
1815,6.938280907102222
1816,11.358023368237117
1817,8.13078547786258
1818,8.48802603840305
1819,11.135344197562024
1820,8.867283838739521
1821,4.443980689561654
1822,9.478003642377287
1823,9.26545631606017
1824,10.272550966640294
1825,8.614129264167513
1826,9.947735787712032
1827,10.510481606805225
1828,7.652400106046197
1829,12.335808645102949
1830,9.487366984649327
1831,10.298127840512274
1832,11.53302183769763
1833,9.255873200794975
1834,9.008900549010466
1835,10.78714079407619
1836,13.390336220711452
1837,11.484334361820485
1838,11.936847380575324
1839,12.705849533308239
1840,11.200401815080227
1841,8.921972485735795
1842,8.600865060145694
1843,10.121408314124377
1844,6.0767160923810355
1845,11.41511458124907
1846,4.4349821702851635
1847,5.585110576241412
1848,11.978161804432375
1849,13.806999511514586
1850,9.653184971163256
1851,6.0726615943007225
1852,9.9996419863578
1853,6.693556050504353
1854,7.816724734450018
1855,8.267503950773618
1856,9.260072194949233
1857,5.835374763185781
1858,11.163076996401744
1859,9.572303365894815
1860,10.232496611832351
1861,9.388398766726912
1862,11.259023638622784
1863,6.267872320723883
1864,9.558108645478706
1865,8.515969104574024
1866,5.806043433724331
1867,10.12476825208852
1868,10.249410043066367
1869,10.693885139267325
1870,12.60741136417654
1871,9.904688495355867
1872,8.092672926502548
1873,13.482751684948882
1874,10.796393799363464
1875,10.269097185001089
1876,4.199270581756898
1877,9.94111985555669
1878,11.360689761882607
1879,5.21974652457814
1880,7.61397730631354
1881,7.117867759284819
1882,9.20495177672278
1883,10.94041087430585
1884,12.389246050909826
1885,8.944088588465673
1886,11.095414415290678
1887,8.398348651801607
1888,9.084336471635268
1889,10.17783914382395
1890,10.623553122997734
1891,12.564582602422075
1892,10.767756464162696
1893,10.408358582302956
1894,6.273147329702935
1895,13.005021891279643
1896,9.921519621198533
1897,8.871845850766972
1898,9.224260495383641
1899,12.92068404990891
1900,6.3928296210289925
1901,8.683354964295495
1902,11.910827066653718
1903,8.945024904077549
1904,10.13410375869725
1905,9.943725401965098
1906,11.141863036980418
1907,9.077806044794032
1908,9.416266402646047
1909,11.516375789153049
1910,9.388939526423629
1911,9.921257890043497
1912,7.224751906140206
1913,6.182325543460579
1914,9.398216421725186
1915,12.708327464264443
1916,11.843475033662482
1917,9.46387654446812
1918,9.906337932614507
1919,7.995615695273829
1920,13.595781083532072
1921,9.603043566046404
1922,6.466668353791407
1923,9.297014509867306
1924,5.849897298312326
1925,9.585198894145673
1926,11.830317172733047
1927,9.716273415058147
1928,9.585076551190232
1929,8.991818308404179
1930,6.161967724136474
1931,15.46047436642139
1932,12.452416110210837
1933,13.588839094863355
1934,9.255538398650547
1935,10.258757828120833
1936,10.622258634211839
1937,9.276959488197534
1938,8.301049868410146
1939,11.045212696533925
1940,8.597650272137955
1941,9.983210095028385
1942,12.093358980177893
1943,4.945917579331315
1944,9.34807907628898
1945,7.144444773610539
1946,12.21292866465599
1947,10.757533020985127
1948,9.811291934699211
1949,13.272364836158648
1950,14.23802073264785
1951,10.41550213638454
1952,5.502096970361196
1953,6.978444707858168
1954,7.959274110752864
1955,9.328090935308675
1956,8.786629826476213
1957,8.912725905146399
1958,10.195651744060228
1959,11.691656369017585
1960,10.23649848412283
1961,10.394816530963476
1962,7.758014335623989
1963,17.626244631164482
1964,6.769236157229145
1965,11.36781872348971
1966,14.798886053732355
1967,10.863015719996213
1968,7.933659375949259
1969,9.053546810700896
1970,10.8826569377746
1971,11.805964923573226
1972,11.689929433982876
1973,10.367991242573765
1974,9.575534427010641
1975,11.542244511224785
1976,10.007701179540964
1977,10.843068736432473
1978,8.49262556334292
1979,11.05738677560667
1980,11.80065028555532
1981,12.667261808111206
1982,7.829454184078182
1983,5.7937586207294265
1984,8.720419006232783
1985,7.301553666111755
1986,12.12397556021246
1987,14.187555374441855
1988,9.083519382848802
1989,10.482209609510116
1990,4.7775370019001535
1991,10.274045663810918
1992,8.923367311763435
1993,9.063067563909861
1994,10.487464432824716
1995,4.426969392573201
1996,6.877925962763687
1997,18.733426765893448
1998,11.881288642985158
1999,9.581916176955849
2000,10.180672142608566
2001,9.282063431800264
2002,9.00717599759952
2003,8.031616163731513
2004,10.709416704151993
2005,11.101146116198063
2006,10.750267838481161
2007,11.397964045165336
2008,14.513289409522166
2009,11.727751609683791
2010,7.523962921146495
2011,5.51501980948622
2012,9.646831263660326
2013,16.06653866435747
2014,8.435563548874727
2015,11.148232037071647
2016,6.070951690383678
2017,12.560968562830315
2018,9.304651970717638
2019,11.073742927425341
2020,11.93020951128796
2021,9.675672892745832
2022,13.787254642522669
2023,11.207381781790403
2024,9.109719360374243
2025,11.453279751754497
2026,11.451897416202803
2027,9.159590930397421
2028,5.851615740902719
2029,9.421824290094943
2030,9.615668684532894
2031,13.473414246298965
2032,10.295453711913417
2033,11.73615779850512
2034,10.524939044920487
2035,8.853183851403733
2036,9.456802286072206
2037,7.791268092525984
2038,7.239517129088675
2039,12.907354205854046
2040,11.144260969134217
2041,9.185543680234574
2042,10.269991353137485
2043,9.412831474407339
2044,11.028250894052814
2045,6.803432797006684
2046,11.910115743322315
2047,8.966987011274455
2048,10.092501611831068
2049,7.393753255022222
2050,5.541957926109913
2051,7.439514961077324
2052,10.494617130374802
2053,12.303983128792984
2054,11.612384863535633
2055,7.518995480028191
2056,4.444379257778517
2057,6.305500254459276
2058,10.723047372438495
2059,9.316777331711762
2060,8.762988698319647
2061,10.113515341375274
2062,7.688795405493526
2063,9.15138553693903
2064,10.213070718935672
2065,14.183309717968196
2066,11.687935189093949
2067,10.980756381869595
2068,6.690476633133006
2069,10.55718311707062
2070,6.939672736214735
2071,8.594767523200435
2072,8.34095598759724
2073,10.311638876830893
2074,7.290654477813048
2075,7.46249012590258
2076,8.424312765684286
2077,8.953292709720827
2078,11.765669912574717
2079,8.903095942863928
2080,9.120072846694297
2081,11.8936197746478
2082,11.526257611386189
2083,7.506826602759428
2084,8.225042003299196
2085,9.486374508606275
2086,8.99655179891699
2087,6.508627856933334
2088,6.937225733028166
2089,6.75102610247132
2090,14.196219174448593
2091,13.592274299075509
2092,7.7053930966555795
2093,10.639391982362032
2094,13.38299989239523
2095,9.650221936976733
2096,11.808532298237942
2097,11.897780232979663
2098,9.685980777828842
2099,7.090490522672281
2100,13.657192038708022
2101,9.374619772785415
2102,17.742756316475784
2103,10.875119629378762
2104,10.06028005815285
2105,8.509697004007851
2106,14.410658672263935
2107,10.834882358272333
2108,11.278582686963032
2109,9.591466804969583
2110,7.489757304737247
2111,11.403537580379169
2112,8.519175310041286
2113,13.759071049788016
2114,7.4430841215343
2115,14.740177742079407
2116,12.607991052481301
2117,7.4942941860247245
2118,16.3245046167931
2119,9.951437034959651
2120,11.673461012277418
2121,16.26823506037559
2122,11.989796147077497
2123,5.420183777346722
2124,14.669386305645089
2125,12.701608907778503
2126,9.560666155563826
2127,7.444201790261516
2128,7.7919553308995795
2129,16.906479379164708
2130,10.699275254393864
2131,7.728590961840412
2132,11.972351950867392
2133,12.440308163271375
2134,11.909042314635052
2135,11.138436414024492
2136,5.844413784706193
2137,8.226334324645043
2138,11.206011415652627
2139,7.609899767765584
2140,11.315931277693428
2141,11.87385339331382
2142,11.386028209663781
2143,7.762610282705651
2144,10.744442065083653
2145,8.69835103650897
2146,9.002361370053436
2147,10.22746192522543
2148,12.646695125654082
2149,9.918911618251949
2150,7.013829420380063
2151,9.423569233007242
2152,9.684944378516937
2153,8.903547297206831
2154,13.85016531694121
2155,9.37497215718981
2156,9.09842495104427
2157,7.483074295520959
2158,10.88718631406187
2159,13.100926076196359
2160,4.522679431703952
2161,5.30210924793166
2162,6.337426273949145
2163,5.466225341390797
2164,12.878233654790996
2165,12.575826957232731
2166,9.480697599475198
2167,8.078203457282791
2168,10.499551728792591
2169,9.020201780259175
2170,7.800105446979332
2171,10.573943893241102
2172,8.438750413824431
2173,2.9492971216664188
2174,8.713043730218956
2175,11.475357024280076
2176,11.169238962340538
2177,6.318432019615865
2178,6.850377800661027
2179,8.943158130238853
2180,10.129656703914428
2181,9.317320149603477
2182,13.78969258675141
2183,13.357985444647284
2184,11.843658678827387
2185,9.191983717290862
2186,10.400198412636787
2187,8.826991301912928
2188,8.367764253810703
2189,9.114210568324486
2190,14.423838688462903
2191,6.252351246141927
2192,6.9885792399326725
2193,10.026473984099933
2194,11.15942395464208
2195,3.65312560323912
2196,8.85440542597032
2197,10.490939613780808
2198,5.246948201730106
2199,10.610196427796271
2200,8.503841074332893
2201,12.599992081132442
2202,10.828168719776054
2203,10.229636554762598
2204,11.209554670942845
2205,10.095106022549148
2206,8.106860935286079
2207,6.990400266137799
2208,8.124085733969222
2209,10.432999444242773
2210,7.64223152875519
2211,14.530394297431501
2212,9.021708296162565
2213,8.364576159492564
2214,11.868087708252254
2215,6.215415074974451
2216,6.406880626376781
2217,9.081083450214294
2218,11.913772775749832
2219,12.912242679652792
2220,10.972245060145141
2221,8.878035413127122
2222,13.49158076078799
2223,10.017849770932054
2224,9.134912029106243
2225,8.433027871483759
2226,12.02665304443076
2227,6.231674833650313
2228,10.549408310936645
2229,12.045865129343834
2230,11.42532023199681
2231,10.999917865615165
2232,16.096054338539602
2233,4.071829411383366
2234,7.838787007676196
2235,9.993260524086587
2236,9.899499812038867
2237,11.724211128244184
2238,10.660495174450531
2239,6.399866582104363
2240,13.451067144702565
2241,8.22312375413762
2242,5.062965145321733
2243,10.467694677038741
2244,11.105976182756315
2245,11.492373011831083
2246,7.061401033283876
2247,9.697719029340643
2248,5.515515191609986
2249,5.212613150394997
2250,9.519156580206454
2251,10.864366774390245
2252,7.3784890609748865
2253,13.03308480152782
2254,12.844674306219098
2255,8.413980336505508
2256,8.483894409145568
2257,9.392271016921114
2258,6.524090226022743
2259,7.5333838532197195
2260,11.215884086278306
2261,5.445697832612989
2262,10.258182889103336
2263,8.665279591133977
2264,7.679401422326514
2265,9.891706336292279
2266,8.77605588796568
2267,10.066344073260092
2268,10.462872686041088
2269,8.074735302661617
2270,5.203269083366745
2271,10.97776094470737
2272,10.92225441448652
2273,7.03349219239796
2274,8.607752053914973
2275,8.054560079565167
2276,10.164177939463869
2277,10.215116191531774
2278,11.621616821267965
2279,10.383819918979519
2280,11.753809219514839
2281,9.367993766148233
2282,9.801049129727184
2283,9.63197670071314
2284,8.196154971663017
2285,9.416690758283398
2286,12.266306484797708
2287,9.014917144296302
2288,11.014166820587697
2289,9.712236886314518
2290,6.5861026606042525
2291,12.079193965411385
2292,8.432228031711716
2293,12.278747957780283
2294,5.022377380824119
2295,7.327983697968245
2296,9.812057450507302
2297,10.237028203048508
2298,11.119317110786916
2299,13.562893351433708
2300,8.768131423697135
2301,10.484567112498372
2302,9.210507453905146
2303,11.060101575986137
2304,12.94687715342684
2305,7.9697738060324514
2306,7.684107872948777
2307,12.739300689959066
2308,10.28537114076399
2309,11.852056447105918
2310,13.131887285538383
2311,1194.8457802640817
2312,4.909355400706703
2313,5.381958336596053
2314,12.117040451665115
2315,11.973546071974809
2316,13.366141139145281
2317,4.441158742263814
2318,11.136566022362581
2319,7.614369075172611
2320,13.172803359362797
2321,9.89042461523656
2322,7.3600593550149025
2323,7.690665925909126
2324,11.392112811979231
2325,10.664547576209873
2326,9.388916723899575
2327,9.162488638188872
2328,9.379583962504446
2329,6.23963793390501
2330,7.447456458693622
2331,9.80838733491923
2332,11.004633240863658
2333,12.326806448201417
2334,10.94331779800972
2335,4.536028212610505
2336,9.1749960089314
2337,11.028505362347314
2338,11.197671329698364
2339,8.271976766883574
2340,10.169816525299279
2341,11.249729754226463
2342,11.21264424287807
2343,6.148952717992413
2344,10.865999659292441
2345,9.63334101464282
2346,9.682898915890531
2347,10.152023793651368
2348,8.822583387098291
2349,7.570497483146209
2350,9.118737007421025
2351,8.994283979659166
2352,12.516184222856879
2353,8.431332700468195
2354,9.496100381687063
2355,6.735972299836099
2356,12.306154721262551
2357,10.664910107268062
2358,9.574338159580261
2359,9.170003528863747
2360,5.60026399329585
2361,9.251587095468087
2362,10.756410881731725
2363,11.277179638094644
2364,10.592067215020244
2365,12.41090551132057
2366,9.85053532636216
2367,9.362004986717286
2368,10.037230576585513
2369,9.425494223897845
2370,6.510162412328875
2371,10.489365102455281
2372,10.141582339145012
2373,9.323154785973168
2374,5.462069046112925
2375,9.210950263960681
2376,8.401673372380898
2377,11.828366385913268
2378,7.626312695856003
2379,7.035237551886423
2380,7.628525056425722
2381,14.99337736134932
2382,13.905637068604946
2383,5.893046710455528
2384,9.404166721853686
2385,9.138115056958728
2386,12.611555723585226
2387,11.951146313299397
2388,10.024460907520517
2389,9.745244586997911
2390,6.3353149560684185
2391,9.548476254130327
2392,10.45457061973828
2393,9.095744927758785
2394,8.534102521787148
2395,10.330447897563625
2396,5.841885419737246
2397,10.798091339118962
2398,12.343767884861917
2399,11.769470013706044
2400,9.513146516964825
2401,9.562079652953084
2402,10.330896519567652
2403,10.971875542823673
2404,9.100529793624993
2405,9.288463753352437
2406,9.702245454634046
2407,12.32123648118327
2408,11.942831951633543
2409,9.647956640742112
2410,10.656324005518782
2411,8.286767600629567
2412,9.223630931128742
2413,11.024474427884035
2414,7.25039389196794
2415,8.349529464902188
2416,10.193996160848915
2417,11.36730476708476
2418,7.619162410031034
2419,6.956865063157603
2420,8.310819604473108
2421,9.45375635848293
2422,8.261168247496009
2423,13.475582548878283
2424,8.288596348657912
2425,9.011995720302822
2426,9.876428632363766
2427,12.278610005359706
2428,10.881370465600996
2429,10.451452269080221
2430,15.212061063605503
2431,10.245286169984517
2432,8.736944612196915
2433,9.572911765652517
2434,5.245762430873077
2435,6.649646950078568
2436,7.110475104908225
2437,9.96841636269501
2438,9.554143074912608
2439,10.878742488647857
2440,10.215095783806525
2441,10.124096278900103
2442,9.571419694000394
2443,11.27788792372933
2444,9.315778535840769
2445,10.89475908333198
2446,11.376647125532887
2447,8.254839545159312
2448,12.192582219528518
2449,9.551381085066037
2450,9.691759390850969
2451,10.378983493377154
2452,10.213478283269884
2453,10.31351061359925
2454,16.280066661004206
2455,11.13289530561081
2456,9.715865315594312
2457,10.52203467411489
2458,10.435169971996654
2459,6.421746537495923
2460,7.032916872773663
2461,12.650113357022628
2462,10.684493790669112
2463,11.822359606080372
2464,8.142598334888078
2465,15.2361197402684
2466,12.087035827653771
2467,6.628779089264383
2468,6.31697994037228
2469,10.04775660456647
2470,11.95386813918455
2471,13.032621499589832
2472,10.718496339804403
2473,11.902859581033715
2474,7.896885245908681
2475,10.00458210630672
2476,9.801363797541063
2477,7.575893702980668
2478,12.097327196805566
2479,9.009428933896675
2480,13.2229649231269
2481,13.674053467401206
2482,8.637329241127908
2483,10.007256739749202
2484,7.951279101096865
2485,7.868296658924132
2486,11.846539176344296
2487,15.370585699195658
2488,10.626195881670359
2489,9.500610351963628
2490,8.612588614905441
2491,9.189554489206873
2492,9.072711177511552
2493,6.978341989696225
2494,8.357773273879086
2495,8.789430079348048
2496,10.466487522698328
2497,9.896631845703343
2498,11.612275082409925
2499,6.875681955503318
2500,10.685236498733591
2501,9.99462618499699
2502,14.76150975647555
2503,10.16019641570993
2504,10.361046214418728
2505,9.367840050611118
2506,7.476267126946701
2507,9.889836250480666
2508,15.83322131508566
2509,12.861347740110254
2510,10.653034179324981
2511,11.33678026343441
2512,10.439159268517312
2513,11.078192851132822
2514,9.442854927014208
2515,8.611141203758441
2516,8.509765140143891
2517,10.969242836723877
2518,8.254688576303852
2519,7.137017183832037
2520,10.750790953236795
2521,9.178091994376734
2522,6.757072259912043
2523,11.40757523843119
2524,8.94654119446658
2525,5.052932188426254
2526,10.357802891438913
2527,12.842813312917468
2528,8.526960064066266
2529,7.974652952204579
2530,10.491490596980366
2531,7.598277488975924
2532,7.63962766256852
2533,7.419514422208261
2534,8.290487471409602
2535,7.342161298850112
2536,11.473641804799268
2537,9.24216766022493
2538,11.21232993863669
2539,9.52914359681334
2540,14.899865816194605
2541,12.880181168430042
2542,9.133249775461692
2543,9.54705912901167
2544,13.627478018912209
2545,13.462391637325613
2546,10.237511298438724
2547,10.620684725053229
2548,8.357881575475899
2549,11.89325250198504
2550,10.01810336724823
2551,8.684287077584337
2552,8.190084354927059
2553,9.533350278972959
2554,6.002116393455713
2555,8.321065682989847
2556,13.565536328076394
2557,10.205913544083495
2558,10.97176323328391
2559,8.725621442306505
2560,5.992405694395351
2561,8.789721806167218
2562,7.940840295114815
2563,10.605909055217815
2564,6.102560490189019
2565,9.415153254778522
2566,4.95425877403485
2567,10.501079324849032
2568,12.113879639937963
2569,7.3472466312219815
2570,9.68248158204743
2571,9.836069672019605
2572,8.926605010074601
2573,9.43830739934449
2574,10.166310947438486
2575,10.829950948573622
2576,11.9964476923874
2577,7.263878543153043
2578,6.964784122998724
2579,10.955168319555483
2580,5.664596979627801
2581,7.492049614137253
2582,11.320729311712645
2583,10.398484240889017
2584,9.583088012877598
2585,8.718050076319017
2586,12.09463563178641
2587,10.31045828528388
2588,12.485412984347771
2589,12.916211078847951
2590,10.751389215005911
2591,8.343056046175558
2592,7.533700378832507
2593,11.369794922444257
2594,12.732473679955806
2595,8.401648433659345
2596,8.014631935179578
2597,9.259262959244628
2598,7.2564518668607825
2599,11.26154458708185
2600,9.41414113152499
2601,5.6761165093620125
2602,10.552506097070017
2603,14.058398522140433
2604,12.574898835898793
2605,10.008645050620032
2606,9.472092527525636
2607,9.998565228468706
2608,7.240938353664642
2609,12.080323519157067
2610,10.582027010697628
2611,6.46844009282537
2612,5.097161389132733
2613,6.424997530800127
2614,10.779869392682782
2615,12.464144830204452
2616,7.640578153692539
2617,12.328567613678091
2618,10.264069326898799
2619,11.158764284360666
2620,11.12396668464832
2621,15.846298332032365
2622,10.382416278397312
2623,7.400904407344214
2624,8.112122089326602
2625,6.550547656346915
2626,8.634746694711604
2627,12.978070565309622
2628,9.437740173844263
2629,5.672241687463192
2630,13.680931315343738
2631,12.36054301227999
2632,9.187420504797116
2633,13.101816691096154
2634,11.099013645364984
2635,9.875917240107281
2636,9.771908116598032
2637,8.715459225781991
2638,8.728075099773106
2639,8.647641030383957
2640,9.11857811711655
2641,9.741277113941514
2642,11.140349893962721
2643,9.159360565235268
2644,12.089472859398404
2645,11.860713495234101
2646,10.73437387064473
2647,5.522108823164021
2648,11.09814688132192
2649,10.664756222622351
2650,12.428855376341565
2651,7.605419367667943
2652,6.786230125447192
2653,11.292174253991446
2654,13.701240619842322
2655,6.4298149080301155
2656,8.073795019930708
2657,10.583064276170292
2658,4.956802446964462
2659,9.033338138074622
2660,13.870401999621944
2661,7.562149624021138
2662,9.342538921098818
2663,10.338456917094419
2664,12.709634689385561
2665,4.630331446706507
2666,9.08438246302492
2667,10.852387252253921
2668,10.161789190916796
2669,14.071440406470504
2670,9.572836535926431
2671,8.722424201483058
2672,14.599116105775064
2673,8.91602154544425
2674,12.974467855842196
2675,8.028167252445616
2676,9.360958842661866
2677,10.127119550740664
2678,11.297563508575672
2679,10.100525400643507
2680,5.920549486471563
2681,5.828665522736369
2682,9.577670976096806
2683,8.265387390538164
2684,10.268654845876059
2685,11.204243930986978
2686,10.239057968679036
2687,8.872440495502843
2688,6.954325412491426
2689,11.405449094125359
2690,9.778839513658866
2691,11.313142130818362
2692,10.582653340924665
2693,11.63913122642933
2694,10.670762822705553
2695,11.851439753929455
2696,7.160277094465033
2697,7.964416697609674
2698,10.324893820097426
2699,6.258814318217015
2700,13.737510956722895
2701,9.405002836682431
2702,6.973438689537338
2703,11.267965106741828
2704,15.27512421083133
2705,10.8151492981332
2706,8.790540870070105
2707,9.483082425343348
2708,10.888908484389598
2709,13.376571728445787
2710,10.876684182913989
2711,10.038831231293067
2712,11.021733968629455
2713,8.035977675797216
2714,8.541924685932415
2715,9.094196649850511
2716,9.894208940404935
2717,12.588451896355126
2718,12.446562778233403
2719,9.535266975740736
2720,8.53770494833111
2721,9.970851798639112
2722,14.659155713657546
2723,14.6024987199404
2724,9.809232960643893
2725,14.621278765858685
2726,10.956208850721717
2727,13.59162424727776
2728,13.450436889713952
2729,6.6571074942927915
2730,11.426076974356496
2731,11.328510372425322
2732,5.74612692641028
2733,9.878016020309474
2734,9.420454121626744
2735,9.519955478291195
2736,11.85546052260967
2737,7.530446956801552
2738,11.315102631132381
2739,6.192380252458596
2740,8.9277717685688
2741,7.750271384860524
2742,10.79446783283412
2743,11.914237527436043
2744,8.047339003707794
2745,10.985303415392488
2746,9.458540619996787
2747,11.157240322332209
2748,9.18883220968504
2749,8.780563541934114
2750,12.661370363581735
2751,12.61942067061719
2752,14.549452358292932
2753,11.876373195611114
2754,9.562989754967603
2755,10.311198070551399
2756,8.881447774277266
2757,9.238385402014998
2758,8.093209034917633
2759,8.07816914670799
2760,8.526138498878556
2761,8.188915344493102
2762,9.31884379406264
2763,7.854830313555869
2764,8.811117683946359
2765,10.838334534960055
2766,11.458816647586833
2767,16.236214574884762
2768,12.011214233820837
2769,10.912250272156433
2770,10.657786293716075
2771,9.954156790290403
2772,10.729597428233118
2773,10.38476907125154
2774,8.728369075156316
2775,11.186572501627722
2776,11.853579511104975
2777,9.85068325838196
2778,9.262208194335194
2779,6.304635050984928
2780,9.773238759283968
2781,11.606720247092039
2782,10.464820013070414
2783,9.860171849910149
2784,7.824562665577053
2785,9.531230827561911
2786,7.787578728866882
2787,12.139098032132047
2788,11.607052512931801
2789,11.786222483984451
2790,10.95356558903202
2791,8.955841280179417
2792,16.287624322026662
2793,14.08845610871018
2794,10.314260390071782
2795,10.334459996667222
2796,8.076486408584298
2797,7.898110822252079
2798,10.207087341523394
2799,11.551817742957041
2800,9.414029350412985
2801,8.483509826279104
2802,12.89431656726851
2803,12.43234701819228
2804,10.261818915365945
2805,10.516892365539537
2806,10.085524817633011
2807,13.414603656656283
2808,10.716166869328113
2809,10.072540219475513
2810,9.399995967809987
2811,16.162915053547366
2812,4.94348755998886
2813,11.917807842818723
2814,11.987226114623766
2815,9.64636414199915
2816,8.78669813713558
2817,12.227460246705704
2818,9.798707093041749
2819,11.42934810491083
2820,7.259867490611945
2821,12.524018636033194
2822,7.543741213231266
2823,9.252066956352447
2824,10.257438196100631
2825,5.390077039381379
2826,8.060023562410274
2827,12.89344567924234
2828,8.086744598692416
2829,4.899025710779614
2830,10.355511152200409
2831,6.437786660872543
2832,7.756078515026875
2833,10.914491831220474
2834,11.666230073478216
2835,8.234852786830247
2836,9.726416538503187
2837,7.350777115563055
2838,9.210936257995822
2839,6.707748649005984
2840,8.384076750700665
2841,8.973363976050354
2842,11.377007814080144
2843,7.58361533005106
2844,9.0874814997413
2845,8.793280654642976
2846,11.390869627491174
2847,9.055419398377019
2848,10.660936458710285
2849,12.560801095437911
2850,8.79362765550295
2851,6.6797529744906505
2852,11.285402471247329
2853,13.97709187525465
2854,8.506876475026482
2855,8.900721585647489
2856,6.246879107503984
2857,14.768673455043686
2858,9.940576870029721
2859,9.496912369649602
2860,13.018104637654625
2861,10.543119146033497
2862,8.430272621766518
2863,10.792797231479812
2864,11.740162009646639
2865,9.283953896714804
2866,11.110024497149713
2867,12.595426761633409
2868,8.408251381074326
2869,7.666718397581681
2870,8.854195895830877
2871,4.170342927499529
2872,9.038629199920178
2873,10.181053173958006
2874,6.408718022248621
2875,11.719385771992744
2876,12.43241507518351
2877,7.792368987468293
2878,9.7212881193387
2879,8.501523889076937
2880,15.339788465122197
2881,9.954275072542266
2882,15.819489393120389
2883,14.223884359202891
2884,10.385324391120237
2885,8.567888064842615
2886,6.95908093479604
2887,9.265178593770482
2888,6.916533220589734
2889,8.258269072642715
2890,10.037909342694427
2891,10.617815476337357
2892,9.28557724126087
2893,12.718419926545646
2894,8.84250211066392
2895,8.381997179962877
2896,6.551430380858134
2897,8.382594904763227
2898,11.34714947212594
2899,8.310102378788736
2900,8.529728965604633
2901,11.059734657695408
2902,9.513810956725651
2903,6.8541261003485445
2904,11.724540921257509
2905,10.852376965182843
2906,8.71832181461974
2907,10.253293486381597
2908,8.240545775718143
2909,8.786499303722575
2910,12.502231652002195
2911,10.470243123679493
2912,10.472771157720997
2913,10.574822147270092
2914,6.408674127888268
2915,11.383430408733005
2916,9.290902034438899
2917,8.959842605973416
2918,7.564943425083314
2919,11.353519389796066
2920,3.963283125371154
2921,7.260531977920127
2922,9.60543714438643
2923,9.134449379719115
2924,12.141020236325708
